{
"apiVersion": "V2",
"assemblies": [
{
  "files": [
    {
      "filePath": "assembly_data_report.jsonl",
      "fileType": "DATA_REPORT",
      "uncompressedLengthBytes": "47612"
    }
  ]
},{
  "accession": "GCF_000007545.1",
  "files": [
    {
      "filePath": "GCF_000007545.1/GCF_000007545.1_ASM754v1_genomic.fna",
      "fileType": "GENOMIC_NUCLEOTIDE_FASTA",
      "uncompressedLengthBytes": "4851952"
    }
  ]
},{
  "accession": "GCF_000020745.1",
  "files": [
    {
      "filePath": "GCF_000020745.1/GCF_000020745.1_ASM2074v1_genomic.fna",
      "fileType": "GENOMIC_NUCLEOTIDE_FASTA",
      "uncompressedLengthBytes": "4884544"
    }
  ]
},{
  "accession": "GCF_000020885.1",
  "files": [
    {
      "filePath": "GCF_000020885.1/GCF_000020885.1_ASM2088v1_genomic.fna",
      "fileType": "GENOMIC_NUCLEOTIDE_FASTA",
      "uncompressedLengthBytes": "4897299"
    }
  ]
},{
  "accession": "GCF_000020925.1",
  "files": [
    {
      "filePath": "GCF_000020925.1/GCF_000020925.1_ASM2092v1_genomic.fna",
      "fileType": "GENOMIC_NUCLEOTIDE_FASTA",
      "uncompressedLengthBytes": "4979151"
    }
  ]
},{
  "accession": "GCF_000022165.1",
  "files": [
    {
      "filePath": "GCF_000022165.1/GCF_000022165.1_ASM2216v1_genomic.fna",
      "fileType": "GENOMIC_NUCLEOTIDE_FASTA",
      "uncompressedLengthBytes": "5026365"
    }
  ]
},{
  "accession": "GCF_000170215.1",
  "files": [
    {
      "filePath": "GCF_000170215.1/GCF_000170215.1_ASM17021v1_genomic.fna",
      "fileType": "GENOMIC_NUCLEOTIDE_FASTA",
      "uncompressedLengthBytes": "4785832"
    }
  ]
},{
  "accession": "GCF_000170255.1",
  "files": [
    {
      "filePath": "GCF_000170255.1/GCF_000170255.1_ASM17025v1_genomic.fna",
      "fileType": "GENOMIC_NUCLEOTIDE_FASTA",
      "uncompressedLengthBytes": "4973337"
    }
  ]
},{
  "accession": "GCF_000171255.1",
  "files": [
    {
      "filePath": "GCF_000171255.1/GCF_000171255.1_ASM17125v1_genomic.fna",
      "fileType": "GENOMIC_NUCLEOTIDE_FASTA",
      "uncompressedLengthBytes": "4605696"
    }
  ]
},{
  "accession": "GCF_000171275.1",
  "files": [
    {
      "filePath": "GCF_000171275.1/GCF_000171275.1_ASM17127v1_genomic.fna",
      "fileType": "GENOMIC_NUCLEOTIDE_FASTA",
      "uncompressedLengthBytes": "4762613"
    }
  ]
},{
  "accession": "GCF_000171315.1",
  "files": [
    {
      "filePath": "GCF_000171315.1/GCF_000171315.1_ASM17131v1_genomic.fna",
      "fileType": "GENOMIC_NUCLEOTIDE_FASTA",
      "uncompressedLengthBytes": "4793980"
    }
  ]
},{
  "accession": "GCF_000171415.1",
  "files": [
    {
      "filePath": "GCF_000171415.1/GCF_000171415.1_ASM17141v1_genomic.fna",
      "fileType": "GENOMIC_NUCLEOTIDE_FASTA",
      "uncompressedLengthBytes": "5018396"
    }
  ]
},{
  "accession": "GCF_000171515.1",
  "files": [
    {
      "filePath": "GCF_000171515.1/GCF_000171515.1_ASM17151v1_genomic.fna",
      "fileType": "GENOMIC_NUCLEOTIDE_FASTA",
      "uncompressedLengthBytes": "4860116"
    }
  ]
},{
  "accession": "GCF_000171535.2",
  "files": [
    {
      "filePath": "GCF_000171535.2/GCF_000171535.2_ASM17153v2_genomic.fna",
      "fileType": "GENOMIC_NUCLEOTIDE_FASTA",
      "uncompressedLengthBytes": "4938477"
    }
  ]
}]}
