region	genome	contig	genes	first_gene	last_gene	start	stop	length	coordinates	score	contigBorder	wholeContig
GCF_000007545.1_contig_1_RGP_0	GCF_000007545.1	contig_1	150	GEGEGB_22305	GEGEGB_23095	4391683	4525815	134133	4391683..4525815	146	False	False
GCF_000007545.1_contig_1_RGP_1	GCF_000007545.1	contig_1	64	GEGEGB_09865	GEGEGB_10180	1928058	1972330	44273	1928058..1972330	64	False	False
GCF_000007545.1_contig_1_RGP_2	GCF_000007545.1	contig_1	49	GEGEGB_07115	GEGEGB_07355	1408218	1441766	33549	1408218..1441766	49	False	False
GCF_000007545.1_contig_1_RGP_3	GCF_000007545.1	contig_1	45	GEGEGB_17925	GEGEGB_18150	3501128	3536675	35548	3501128..3536675	43	False	False
GCF_000007545.1_contig_1_RGP_4	GCF_000007545.1	contig_1	34	GEGEGB_23840	GEGEGB_24020	4666742	4700852	34111	4666742..4700852	32	False	False
GCF_000007545.1_contig_1_RGP_5	GCF_000007545.1	contig_1	22	GEGEGB_13940	GEGEGB_14060	2735001	2754622	19622	2735001..2754622	22	False	False
GCF_000007545.1_contig_1_RGP_6	GCF_000007545.1	contig_1	23	GEGEGB_04600	GEGEGB_04725	956794	983007	26214	956794..983007	21	False	False
GCF_000007545.1_contig_1_RGP_7	GCF_000007545.1	contig_1	14	GEGEGB_11325	GEGEGB_11390	2212418	2223926	11509	2212418..2223926	14	False	False
GCF_000007545.1_contig_1_RGP_8	GCF_000007545.1	contig_1	16	GEGEGB_13485	GEGEGB_13560	2638512	2654879	16368	2638512..2654879	12	False	False
GCF_000007545.1_contig_1_RGP_9	GCF_000007545.1	contig_1	11	GEGEGB_14995	GEGEGB_15045	2934865	2944160	9296	2934865..2944160	11	False	False
GCF_000007545.1_contig_1_RGP_10	GCF_000007545.1	contig_1	11	GEGEGB_03850	GEGEGB_03900	807947	816415	8469	807947..816415	11	False	False
GCF_000007545.1_contig_1_RGP_11	GCF_000007545.1	contig_1	9	GEGEGB_24145	GEGEGB_24190	4723588	4733502	9915	4723588..4733502	9	False	False
GCF_000007545.1_contig_1_RGP_12	GCF_000007545.1	contig_1	8	GEGEGB_19530	GEGEGB_19565	3815616	3821894	6279	3815616..3821894	8	False	False
GCF_000007545.1_contig_1_RGP_13	GCF_000007545.1	contig_1	8	GEGEGB_15955	GEGEGB_15990	3118261	3124001	5741	3118261..3124001	8	False	False
GCF_000007545.1_contig_1_RGP_14	GCF_000007545.1	contig_1	10	GEGEGB_15490	GEGEGB_15540	3036790	3045001	8212	3036790..3045001	8	False	False
GCF_000007545.1_contig_1_RGP_15	GCF_000007545.1	contig_1	10	GEGEGB_13415	GEGEGB_13460	2622770	2633367	10598	2622770..2633367	8	False	False
GCF_000007545.1_contig_1_RGP_16	GCF_000007545.1	contig_1	8	GEGEGB_04155	GEGEGB_04190	875064	884714	9651	875064..884714	8	False	False
GCF_000007545.1_contig_1_RGP_17	GCF_000007545.1	contig_1	8	GEGEGB_03285	GEGEGB_03320	694100	700369	6270	694100..700369	8	False	False
GCF_000007545.1_contig_1_RGP_18	GCF_000007545.1	contig_1	7	GEGEGB_19890	GEGEGB_19920	3881042	3885631	4590	3881042..3885631	7	False	False
GCF_000007545.1_contig_1_RGP_19	GCF_000007545.1	contig_1	7	GEGEGB_14910	GEGEGB_14940	2913759	2920998	7240	2913759..2920998	7	False	False
GCF_000007545.1_contig_1_RGP_20	GCF_000007545.1	contig_1	7	GEGEGB_00975	GEGEGB_01005	210255	217402	7148	210255..217402	7	False	False
GCF_000007545.1_contig_1_RGP_21	GCF_000007545.1	contig_1	6	GEGEGB_20770	GEGEGB_20795	4068252	4073097	4846	4068252..4073097	6	False	False
GCF_000007545.1_contig_1_RGP_22	GCF_000007545.1	contig_1	6	GEGEGB_16235	GEGEGB_16260	3172002	3177444	5443	3172002..3177444	6	False	False
GCF_000007545.1_contig_1_RGP_23	GCF_000007545.1	contig_1	8	GEGEGB_12125	GEGEGB_12170	2370775	2376910	6136	2370775..2376910	6	False	False
GCF_000007545.1_contig_1_RGP_24	GCF_000007545.1	contig_1	5	GEGEGB_19320	GEGEGB_19340	3766087	3771093	5007	3766087..3771093	5	False	False
GCF_000007545.1_contig_1_RGP_25	GCF_000007545.1	contig_1	7	GEGEGB_05885	GEGEGB_05920	1189317	1195744	6428	1189317..1195744	5	False	False
GCF_000007545.1_contig_1_RGP_26	GCF_000007545.1	contig_1	5	GEGEGB_05370	GEGEGB_05390	1092912	1098138	5227	1092912..1098138	5	False	False
GCF_000007545.1_contig_1_RGP_27	GCF_000007545.1	contig_1	5	GEGEGB_02530	GEGEGB_02550	539584	542674	3091	539584..542674	5	False	False
GCF_000007545.1_contig_1_RGP_28	GCF_000007545.1	contig_1	4	GEGEGB_21785	GEGEGB_21800	4263724	4267690	3967	4263724..4267690	4	False	False
GCF_000007545.1_contig_1_RGP_29	GCF_000007545.1	contig_1	6	GEGEGB_16700	GEGEGB_16725	3263133	3269284	6152	3263133..3269284	4	False	False
GCF_000020745.1_contig_1_RGP_0	GCF_000020745.1	contig_1	143	LNHIMF_02810	LNHIMF_03570	600701	702157	101457	600701..702157	143	False	False
GCF_000020745.1_contig_1_RGP_1	GCF_000020745.1	contig_1	58	LNHIMF_21360	LNHIMF_21650	4314690	4354387	39698	4314690..4354387	58	False	False
GCF_000020745.1_contig_1_RGP_2	GCF_000020745.1	contig_1	57	LNHIMF_10745	LNHIMF_11035	2124202	2163363	39162	2124202..2163363	57	False	False
GCF_000020745.1_contig_1_RGP_3	GCF_000020745.1	contig_1	23	LNHIMF_13925	LNHIMF_14035	2797076	2822533	25458	2797076..2822533	23	False	False
GCF_000020745.1_contig_1_RGP_4	GCF_000020745.1	contig_1	17	LNHIMF_22025	LNHIMF_22105	4452470	4464873	12404	4452470..4464873	17	False	False
GCF_000020745.1_contig_1_RGP_5	GCF_000020745.1	contig_1	14	LNHIMF_01750	LNHIMF_01815	379241	391751	12511	379241..391751	14	False	False
GCF_000020745.1_contig_1_RGP_6	GCF_000020745.1	contig_1	15	LNHIMF_01510	LNHIMF_01580	330837	343663	12827	330837..343663	13	False	False
GCF_000020745.1_contig_1_RGP_7	GCF_000020745.1	contig_1	12	LNHIMF_04280	LNHIMF_04335	847428	859625	12198	847428..859625	12	False	False
GCF_000020745.1_contig_1_RGP_8	GCF_000020745.1	contig_1	11	LNHIMF_08025	LNHIMF_08075	1593453	1600210	6758	1593453..1600210	11	False	False
GCF_000020745.1_contig_1_RGP_9	GCF_000020745.1	contig_1	10	LNHIMF_18900	LNHIMF_18945	3804662	3813491	8830	3804662..3813491	10	False	False
GCF_000020745.1_contig_1_RGP_10	GCF_000020745.1	contig_1	10	LNHIMF_11135	LNHIMF_11185	2181711	2192440	10730	2181711..2192440	10	False	False
GCF_000020745.1_contig_1_RGP_11	GCF_000020745.1	contig_1	10	LNHIMF_09690	LNHIMF_09735	1939386	1946482	7097	1939386..1946482	10	False	False
GCF_000020745.1_contig_1_RGP_12	GCF_000020745.1	contig_1	10	LNHIMF_04910	LNHIMF_04955	979306	987760	8455	979306..987760	10	False	False
GCF_000020745.1_contig_1_RGP_13	GCF_000020745.1	contig_1	10	LNHIMF_01610	LNHIMF_01655	350425	359733	9309	350425..359733	10	False	False
GCF_000020745.1_contig_1_RGP_14	GCF_000020745.1	contig_1	11	LNHIMF_10415	LNHIMF_10475	2063780	2074995	11216	2063780..2074995	9	False	False
GCF_000020745.1_contig_1_RGP_15	GCF_000020745.1	contig_1	8	LNHIMF_19340	LNHIMF_19375	3894111	3900389	6279	3894111..3900389	8	False	False
GCF_000020745.1_contig_1_RGP_16	GCF_000020745.1	contig_1	8	LNHIMF_11915	LNHIMF_11950	2353171	2359440	6270	2353171..2359440	8	False	False
GCF_000020745.1_contig_1_RGP_17	GCF_000020745.1	contig_1	7	LNHIMF_23015	LNHIMF_23045	4648450	4655948	7499	4648450..4655948	7	False	False
GCF_000020745.1_contig_1_RGP_18	GCF_000020745.1	contig_1	7	LNHIMF_00950	LNHIMF_00980	212303	219627	7325	212303..219627	7	False	False
GCF_000020745.1_contig_1_RGP_19	GCF_000020745.1	contig_1	6	LNHIMF_15630	LNHIMF_15655	3138786	3144338	5553	3138786..3144338	6	False	False
GCF_000020745.1_contig_1_RGP_20	GCF_000020745.1	contig_1	6	LNHIMF_14885	LNHIMF_14910	2984004	2991942	7939	2984004..2991942	6	False	False
GCF_000020745.1_contig_1_RGP_21	GCF_000020745.1	contig_1	6	LNHIMF_06420	LNHIMF_06445	1291948	1295910	3963	1291948..1295910	6	False	False
GCF_000020745.1_contig_1_RGP_22	GCF_000020745.1	contig_1	6	LNHIMF_06175	LNHIMF_06200	1240049	1246032	5984	1240049..1246032	6	False	False
GCF_000020745.1_contig_1_RGP_23	GCF_000020745.1	contig_1	6	LNHIMF_01445	LNHIMF_01470	318555	322118	3564	318555..322118	6	False	False
GCF_000020745.1_contig_1_RGP_24	GCF_000020745.1	contig_1	5	LNHIMF_22835	LNHIMF_22855	4607958	4616079	8122	4607958..4616079	5	False	False
GCF_000020745.1_contig_1_RGP_25	GCF_000020745.1	contig_1	4	LNHIMF_21215	LNHIMF_21230	4282803	4286880	4078	4282803..4286880	4	False	False
GCF_000020745.1_contig_1_RGP_26	GCF_000020745.1	contig_1	4	LNHIMF_16100	LNHIMF_16115	3236206	3241602	5397	3236206..3241602	4	False	False
GCF_000020745.1_contig_1_RGP_27	GCF_000020745.1	contig_1	4	LNHIMF_15905	LNHIMF_15920	3194331	3199784	5454	3194331..3199784	4	False	False
GCF_000020745.1_contig_1_RGP_28	GCF_000020745.1	contig_1	4	LNHIMF_11490	LNHIMF_11505	2263262	2268090	4829	2263262..2268090	4	False	False
GCF_000020745.1_contig_1_RGP_29	GCF_000020745.1	contig_1	4	LNHIMF_08795	LNHIMF_08810	1759818	1762840	3023	1759818..1762840	4	False	False
GCF_000020745.1_contig_2_RGP_0	GCF_000020745.1	contig_2	123	LNHIMF_23330	LNHIMF_23940	34	110160	110127	34..110160	245	False	True
GCF_000020745.1_contig_3_RGP_0	GCF_000020745.1	contig_3	4	LNHIMF_23945	LNHIMF_23960	160	4551	4392	160..4551	7	False	True
GCF_000020885.1_contig_1_RGP_0	GCF_000020885.1	contig_1	46	BEJGEH_22820	BEJGEH_23050	4663976	4707841	43866	4663976..4707841	46	False	False
GCF_000020885.1_contig_1_RGP_1	GCF_000020885.1	contig_1	45	BEJGEH_13580	BEJGEH_13800	2787468	2824344	36877	2787468..2824344	45	False	False
GCF_000020885.1_contig_1_RGP_2	GCF_000020885.1	contig_1	39	BEJGEH_05155	BEJGEH_05345	1085511	1125294	39784	1085511..1125294	39	False	False
GCF_000020885.1_contig_1_RGP_3	GCF_000020885.1	contig_1	40	BEJGEH_09815	BEJGEH_10035	1989475	2029771	40297	1989475..2029771	36	False	False
GCF_000020885.1_contig_1_RGP_4	GCF_000020885.1	contig_1	33	BEJGEH_13280	BEJGEH_13440	2721599	2750758	29160	2721599..2750758	33	False	False
GCF_000020885.1_contig_1_RGP_5	GCF_000020885.1	contig_1	24	BEJGEH_21295	BEJGEH_21410	4336344	4357968	21625	4336344..4357968	24	False	False
GCF_000020885.1_contig_1_RGP_6	GCF_000020885.1	contig_1	18	BEJGEH_22475	BEJGEH_22560	4590379	4613457	23079	4590379..4613457	18	False	False
GCF_000020885.1_contig_1_RGP_7	GCF_000020885.1	contig_1	18	BEJGEH_10065	BEJGEH_10160	2037116	2053307	16192	2037116..2053307	16	False	False
GCF_000020885.1_contig_1_RGP_8	GCF_000020885.1	contig_1	15	BEJGEH_21920	BEJGEH_21990	4485024	4498470	13447	4485024..4498470	13	False	False
GCF_000020885.1_contig_1_RGP_9	GCF_000020885.1	contig_1	12	BEJGEH_10795	BEJGEH_10850	2187440	2195999	8560	2187440..2195999	12	False	False
GCF_000020885.1_contig_1_RGP_10	GCF_000020885.1	contig_1	12	BEJGEH_07625	BEJGEH_07680	1581314	1589430	8117	1581314..1589430	12	False	False
GCF_000020885.1_contig_1_RGP_11	GCF_000020885.1	contig_1	11	BEJGEH_18995	BEJGEH_19045	3868721	3877828	9108	3868721..3877828	11	False	False
GCF_000020885.1_contig_1_RGP_12	GCF_000020885.1	contig_1	13	BEJGEH_05980	BEJGEH_06040	1236689	1245903	9215	1236689..1245903	11	False	False
GCF_000020885.1_contig_1_RGP_13	GCF_000020885.1	contig_1	11	BEJGEH_01665	BEJGEH_01715	351637	360628	8992	351637..360628	11	False	False
GCF_000020885.1_contig_1_RGP_14	GCF_000020885.1	contig_1	9	BEJGEH_14770	BEJGEH_14810	3011791	3020154	8364	3011791..3020154	9	False	False
GCF_000020885.1_contig_1_RGP_15	GCF_000020885.1	contig_1	15	BEJGEH_01455	BEJGEH_01530	314139	324018	9880	314139..324018	9	False	False
GCF_000020885.1_contig_1_RGP_16	GCF_000020885.1	contig_1	8	BEJGEH_19345	BEJGEH_19380	3936813	3943091	6279	3936813..3943091	8	False	False
GCF_000020885.1_contig_1_RGP_17	GCF_000020885.1	contig_1	8	BEJGEH_15920	BEJGEH_15955	3244306	3250347	6042	3244306..3250347	8	False	False
GCF_000020885.1_contig_1_RGP_18	GCF_000020885.1	contig_1	8	BEJGEH_15660	BEJGEH_15695	3193252	3198939	5688	3193252..3198939	8	False	False
GCF_000020885.1_contig_1_RGP_19	GCF_000020885.1	contig_1	8	BEJGEH_11355	BEJGEH_11390	2298876	2305145	6270	2298876..2305145	8	False	False
GCF_000020885.1_contig_1_RGP_20	GCF_000020885.1	contig_1	10	BEJGEH_02825	BEJGEH_02880	595080	602080	7001	595080..602080	8	False	False
GCF_000020885.1_contig_1_RGP_21	GCF_000020885.1	contig_1	8	BEJGEH_01075	BEJGEH_01110	238293	245647	7355	238293..245647	8	False	False
GCF_000020885.1_contig_1_RGP_22	GCF_000020885.1	contig_1	7	BEJGEH_10525	BEJGEH_10555	2120299	2128763	8465	2120299..2128763	7	False	False
GCF_000020885.1_contig_1_RGP_23	GCF_000020885.1	contig_1	7	BEJGEH_00865	BEJGEH_00895	191788	197835	6048	191788..197835	7	False	False
GCF_000020885.1_contig_1_RGP_24	GCF_000020885.1	contig_1	6	BEJGEH_14690	BEJGEH_14715	2990538	2997778	7241	2990538..2997778	6	False	False
GCF_000020885.1_contig_1_RGP_25	GCF_000020885.1	contig_1	6	BEJGEH_03320	BEJGEH_03345	692358	699483	7126	692358..699483	6	False	False
GCF_000020885.1_contig_1_RGP_26	GCF_000020885.1	contig_1	5	BEJGEH_23370	BEJGEH_23390	4767128	4772330	5203	4767128..4772330	5	False	False
GCF_000020885.1_contig_1_RGP_27	GCF_000020885.1	contig_1	5	BEJGEH_18390	BEJGEH_18410	3739895	3745368	5474	3739895..3745368	5	False	False
GCF_000020885.1_contig_1_RGP_28	GCF_000020885.1	contig_1	5	BEJGEH_17755	BEJGEH_17795	3597582	3604065	6484	3597582..3604065	5	False	False
GCF_000020885.1_contig_1_RGP_29	GCF_000020885.1	contig_1	5	BEJGEH_07265	BEJGEH_07285	1498265	1503938	5674	1498265..1503938	5	False	False
GCF_000020885.1_contig_1_RGP_30	GCF_000020885.1	contig_1	4	BEJGEH_17545	BEJGEH_17560	3544776	3552374	7599	3544776..3552374	4	False	False
GCF_000020885.1_contig_2_RGP_0	GCF_000020885.1	contig_2	53	BEJGEH_23520	BEJGEH_23780	1	37823	37823	1..37823	105	False	True
GCF_000020925.1_contig_1_RGP_0	GCF_000020925.1	contig_1	90	HFCAGB_10850	HFCAGB_11320	2143127	2215358	72232	2143127..2215358	88	False	False
GCF_000020925.1_contig_1_RGP_1	GCF_000020925.1	contig_1	72	HFCAGB_02910	HFCAGB_03275	617064	663913	46850	617064..663913	72	False	False
GCF_000020925.1_contig_1_RGP_2	GCF_000020925.1	contig_1	64	HFCAGB_06735	HFCAGB_07055	1351456	1403795	52340	1351456..1403795	64	False	False
GCF_000020925.1_contig_1_RGP_3	GCF_000020925.1	contig_1	56	HFCAGB_05255	HFCAGB_05530	1078187	1122256	44070	1078187..1122256	56	False	False
GCF_000020925.1_contig_1_RGP_4	GCF_000020925.1	contig_1	46	HFCAGB_14650	HFCAGB_14885	2923345	2960448	37104	2923345..2960448	46	False	False
GCF_000020925.1_contig_1_RGP_5	GCF_000020925.1	contig_1	34	HFCAGB_05925	HFCAGB_06090	1202700	1239108	36409	1202700..1239108	34	False	False
GCF_000020925.1_contig_1_RGP_6	GCF_000020925.1	contig_1	20	HFCAGB_23545	HFCAGB_23645	4724036	4736911	12876	4724036..4736911	20	False	False
GCF_000020925.1_contig_1_RGP_7	GCF_000020925.1	contig_1	16	HFCAGB_23780	HFCAGB_23855	4761598	4775749	14152	4761598..4775749	16	False	False
GCF_000020925.1_contig_1_RGP_8	GCF_000020925.1	contig_1	15	HFCAGB_01505	HFCAGB_01580	328240	344256	16017	328240..344256	15	False	False
GCF_000020925.1_contig_1_RGP_9	GCF_000020925.1	contig_1	13	HFCAGB_01710	HFCAGB_01770	372603	381235	8633	372603..381235	13	False	False
GCF_000020925.1_contig_1_RGP_10	GCF_000020925.1	contig_1	11	HFCAGB_04680	HFCAGB_04730	950301	958766	8466	950301..958766	11	False	False
GCF_000020925.1_contig_1_RGP_11	GCF_000020925.1	contig_1	8	HFCAGB_20335	HFCAGB_20370	4045346	4051645	6300	4045346..4051645	8	False	False
GCF_000020925.1_contig_1_RGP_12	GCF_000020925.1	contig_1	8	HFCAGB_12545	HFCAGB_12580	2468534	2474824	6291	2468534..2474824	8	False	False
GCF_000020925.1_contig_1_RGP_13	GCF_000020925.1	contig_1	8	HFCAGB_11740	HFCAGB_11775	2292877	2302527	9651	2292877..2302527	8	False	False
GCF_000020925.1_contig_1_RGP_14	GCF_000020925.1	contig_1	8	HFCAGB_09980	HFCAGB_10015	1986615	1995336	8722	1986615..1995336	8	False	False
GCF_000020925.1_contig_1_RGP_15	GCF_000020925.1	contig_1	8	HFCAGB_01025	HFCAGB_01060	227407	234756	7350	227407..234756	8	False	False
GCF_000020925.1_contig_1_RGP_16	GCF_000020925.1	contig_1	7	HFCAGB_23880	HFCAGB_23910	4781590	4789085	7496	4781590..4789085	7	False	False
GCF_000020925.1_contig_1_RGP_17	GCF_000020925.1	contig_1	7	HFCAGB_20025	HFCAGB_20055	3987866	3991929	4064	3987866..3991929	7	False	False
GCF_000020925.1_contig_1_RGP_18	GCF_000020925.1	contig_1	7	HFCAGB_19420	HFCAGB_19450	3862414	3868408	5995	3862414..3868408	7	False	False
GCF_000020925.1_contig_1_RGP_19	GCF_000020925.1	contig_1	7	HFCAGB_18775	HFCAGB_18825	3719652	3726202	6551	3719652..3726202	7	False	False
GCF_000020925.1_contig_1_RGP_20	GCF_000020925.1	contig_1	7	HFCAGB_15845	HFCAGB_15875	3143498	3150280	6783	3143498..3150280	7	False	False
GCF_000020925.1_contig_1_RGP_21	GCF_000020925.1	contig_1	7	HFCAGB_15760	HFCAGB_15790	3122558	3129807	7250	3122558..3129807	7	False	False
GCF_000020925.1_contig_1_RGP_22	GCF_000020925.1	contig_1	6	HFCAGB_22275	HFCAGB_22300	4446727	4453752	7026	4446727..4453752	6	False	False
GCF_000020925.1_contig_1_RGP_23	GCF_000020925.1	contig_1	6	HFCAGB_21860	HFCAGB_21885	4355564	4363383	7820	4355564..4363383	6	False	False
GCF_000020925.1_contig_1_RGP_24	GCF_000020925.1	contig_1	6	HFCAGB_03740	HFCAGB_03765	754480	761614	7135	754480..761614	6	False	False
GCF_000020925.1_contig_1_RGP_25	GCF_000020925.1	contig_1	5	HFCAGB_20410	HFCAGB_20430	4062259	4066991	4733	4062259..4066991	5	False	False
GCF_000020925.1_contig_1_RGP_26	GCF_000020925.1	contig_1	4	HFCAGB_13305	HFCAGB_13320	2628234	2631325	3092	2628234..2631325	4	False	False
GCF_000020925.1_contig_1_RGP_27	GCF_000020925.1	contig_1	4	HFCAGB_12090	HFCAGB_12105	2373343	2378171	4829	2373343..2378171	4	False	False
GCF_000020925.1_contig_2_RGP_0	GCF_000020925.1	contig_2	92	HFCAGB_24200	HFCAGB_24665	279	74330	74052	279..74330	183	False	True
GCF_000022165.1_contig_1_RGP_0	GCF_000022165.1	contig_1	66	AJBGEP_06215	AJBGEP_06560	1284622	1335610	50989	1284622..1335610	66	False	False
GCF_000022165.1_contig_1_RGP_1	GCF_000022165.1	contig_1	62	AJBGEP_13825	AJBGEP_14175	2780553	2830896	50344	2780553..2830896	62	False	False
GCF_000022165.1_contig_1_RGP_2	GCF_000022165.1	contig_1	60	AJBGEP_10495	AJBGEP_10820	2091297	2136482	45186	2091297..2136482	58	False	False
GCF_000022165.1_contig_1_RGP_3	GCF_000022165.1	contig_1	56	AJBGEP_04995	AJBGEP_05280	1056587	1102122	45536	1056587..1102122	56	False	False
GCF_000022165.1_contig_1_RGP_4	GCF_000022165.1	contig_1	36	AJBGEP_14470	AJBGEP_14660	2898394	2935649	37256	2898394..2935649	36	False	False
GCF_000022165.1_contig_1_RGP_5	GCF_000022165.1	contig_1	24	AJBGEP_22035	AJBGEP_22150	4430491	4451876	21386	4430491..4451876	24	False	False
GCF_000022165.1_contig_1_RGP_6	GCF_000022165.1	contig_1	19	AJBGEP_23140	AJBGEP_23230	4670877	4693956	23080	4670877..4693956	19	False	False
GCF_000022165.1_contig_1_RGP_7	GCF_000022165.1	contig_1	15	AJBGEP_01515	AJBGEP_01590	329643	343406	13764	329643..343406	13	False	False
GCF_000022165.1_contig_1_RGP_8	GCF_000022165.1	contig_1	12	AJBGEP_23500	AJBGEP_23555	4744147	4765179	21033	4744147..4765179	12	False	False
GCF_000022165.1_contig_1_RGP_9	GCF_000022165.1	contig_1	12	AJBGEP_11990	AJBGEP_12045	2382514	2392438	9925	2382514..2392438	12	False	False
GCF_000022165.1_contig_1_RGP_10	GCF_000022165.1	contig_1	12	AJBGEP_03700	AJBGEP_03755	782125	794373	12249	782125..794373	12	False	False
GCF_000022165.1_contig_1_RGP_11	GCF_000022165.1	contig_1	11	AJBGEP_01720	AJBGEP_01770	370356	378530	8175	370356..378530	11	False	False
GCF_000022165.1_contig_1_RGP_12	GCF_000022165.1	contig_1	10	AJBGEP_04405	AJBGEP_04450	927233	935682	8450	927233..935682	10	False	False
GCF_000022165.1_contig_1_RGP_13	GCF_000022165.1	contig_1	9	AJBGEP_09800	AJBGEP_09840	1973913	1979327	5415	1973913..1979327	9	False	False
GCF_000022165.1_contig_1_RGP_14	GCF_000022165.1	contig_1	8	AJBGEP_23690	AJBGEP_23730	4789105	4799058	9954	4789105..4799058	8	False	False
GCF_000022165.1_contig_1_RGP_15	GCF_000022165.1	contig_1	8	AJBGEP_20065	AJBGEP_20100	4026013	4032291	6279	4026013..4032291	8	False	False
GCF_000022165.1_contig_1_RGP_16	GCF_000022165.1	contig_1	8	AJBGEP_12080	AJBGEP_12115	2398946	2405215	6270	2398946..2405215	8	False	False
GCF_000022165.1_contig_1_RGP_17	GCF_000022165.1	contig_1	8	AJBGEP_08165	AJBGEP_08205	1635982	1641845	5864	1635982..1641845	8	False	False
GCF_000022165.1_contig_1_RGP_18	GCF_000022165.1	contig_1	8	AJBGEP_01030	AJBGEP_01065	230459	237807	7349	230459..237807	8	False	False
GCF_000022165.1_contig_1_RGP_19	GCF_000022165.1	contig_1	7	AJBGEP_23755	AJBGEP_23785	4804900	4812398	7499	4804900..4812398	7	False	False
GCF_000022165.1_contig_1_RGP_20	GCF_000022165.1	contig_1	7	AJBGEP_19145	AJBGEP_19175	3836186	3842180	5995	3836186..3842180	7	False	False
GCF_000022165.1_contig_1_RGP_21	GCF_000022165.1	contig_1	7	AJBGEP_11235	AJBGEP_11265	2213985	2222450	8466	2213985..2222450	7	False	False
GCF_000022165.1_contig_1_RGP_22	GCF_000022165.1	contig_1	7	AJBGEP_02965	AJBGEP_02995	630024	637522	7499	630024..637522	7	False	False
GCF_000022165.1_contig_1_RGP_23	GCF_000022165.1	contig_1	9	AJBGEP_02870	AJBGEP_02920	612927	619613	6687	612927..619613	7	False	False
GCF_000022165.1_contig_1_RGP_24	GCF_000022165.1	contig_1	6	AJBGEP_21620	AJBGEP_21645	4338076	4345895	7820	4338076..4345895	6	False	False
GCF_000022165.1_contig_1_RGP_25	GCF_000022165.1	contig_1	6	AJBGEP_18510	AJBGEP_18555	3693591	3700149	6559	3693591..3700149	6	False	False
GCF_000022165.1_contig_1_RGP_26	GCF_000022165.1	contig_1	6	AJBGEP_15525	AJBGEP_15550	3099630	3106879	7250	3099630..3106879	6	False	False
GCF_000022165.1_contig_1_RGP_27	GCF_000022165.1	contig_1	6	AJBGEP_03390	AJBGEP_03415	717574	724709	7136	717574..724709	6	False	False
GCF_000022165.1_contig_1_RGP_28	GCF_000022165.1	contig_1	6	AJBGEP_01450	AJBGEP_01475	316878	320452	3575	316878..320452	6	False	False
GCF_000022165.1_contig_1_RGP_29	GCF_000022165.1	contig_1	5	AJBGEP_23940	AJBGEP_23960	4838731	4843933	5203	4838731..4843933	5	False	False
GCF_000022165.1_contig_1_RGP_30	GCF_000022165.1	contig_1	5	AJBGEP_20225	AJBGEP_20255	4063526	4067077	3552	4063526..4067077	5	False	False
GCF_000022165.1_contig_1_RGP_31	GCF_000022165.1	contig_1	5	AJBGEP_20140	AJBGEP_20160	4042905	4047637	4733	4042905..4047637	5	False	False
GCF_000022165.1_contig_1_RGP_32	GCF_000022165.1	contig_1	5	AJBGEP_19745	AJBGEP_19765	3962679	3966747	4069	3962679..3966747	5	False	False
GCF_000022165.1_contig_1_RGP_33	GCF_000022165.1	contig_1	4	AJBGEP_04700	AJBGEP_04720	983495	986685	3191	983495..986685	4	False	False
GCF_000022165.1_contig_2_RGP_0	GCF_000022165.1	contig_2	117	AJBGEP_24090	AJBGEP_24690	94	93811	93718	94..93811	233	False	True
GCF_000170215.1_contig_2_RGP_0	GCF_000170215.1	contig_2	64	ODDLKH_08235	ODDLKH_08560	1734979	1785523	50545	1734979..1785523	64	False	False
GCF_000170215.1_contig_2_RGP_1	GCF_000170215.1	contig_2	35	ODDLKH_15785	ODDLKH_15970	3253918	3291162	37245	3253918..3291162	35	False	False
GCF_000170215.1_contig_2_RGP_2	GCF_000170215.1	contig_2	26	ODDLKH_00265	ODDLKH_00390	52268	74454	22187	52268..74454	26	False	False
GCF_000170215.1_contig_2_RGP_3	GCF_000170215.1	contig_2	18	ODDLKH_01440	ODDLKH_01525	303632	326621	22990	303632..326621	18	False	False
GCF_000170215.1_contig_2_RGP_4	GCF_000170215.1	contig_2	16	ODDLKH_00880	ODDLKH_00955	197959	210376	12418	197959..210376	16	False	False
GCF_000170215.1_contig_2_RGP_5	GCF_000170215.1	contig_2	14	ODDLKH_01785	ODDLKH_01850	376901	395262	18362	376901..395262	14	False	False
GCF_000170215.1_contig_2_RGP_6	GCF_000170215.1	contig_2	12	ODDLKH_13670	ODDLKH_13725	2790092	2800016	9925	2790092..2800016	12	False	False
GCF_000170215.1_contig_2_RGP_7	GCF_000170215.1	contig_2	12	ODDLKH_06045	ODDLKH_06100	1280525	1292773	12249	1280525..1292773	12	False	False
GCF_000170215.1_contig_2_RGP_8	GCF_000170215.1	contig_2	11	ODDLKH_06735	ODDLKH_06785	1424816	1433276	8461	1424816..1433276	11	False	False
GCF_000170215.1_contig_2_RGP_9	GCF_000170215.1	contig_2	11	ODDLKH_04065	ODDLKH_04115	869612	877787	8176	869612..877787	11	False	False
GCF_000170215.1_contig_2_RGP_10	GCF_000170215.1	contig_2	12	ODDLKH_03885	ODDLKH_03945	830152	842711	12560	830152..842711	10	False	False
GCF_000170215.1_contig_2_RGP_11	GCF_000170215.1	contig_2	9	ODDLKH_11785	ODDLKH_11825	2422435	2427849	5415	2422435..2427849	9	False	False
GCF_000170215.1_contig_2_RGP_12	GCF_000170215.1	contig_2	8	ODDLKH_21360	ODDLKH_21395	4384729	4391007	6279	4384729..4391007	8	False	False
GCF_000170215.1_contig_2_RGP_13	GCF_000170215.1	contig_2	8	ODDLKH_13760	ODDLKH_13795	2806524	2812793	6270	2806524..2812793	8	False	False
GCF_000170215.1_contig_2_RGP_14	GCF_000170215.1	contig_2	8	ODDLKH_10170	ODDLKH_10210	2085920	2091783	5864	2085920..2091783	8	False	False
GCF_000170215.1_contig_2_RGP_15	GCF_000170215.1	contig_2	8	ODDLKH_03395	ODDLKH_03430	731054	738403	7350	731054..738403	8	False	False
GCF_000170215.1_contig_2_RGP_16	GCF_000170215.1	contig_2	8	ODDLKH_01985	ODDLKH_02025	420136	430089	9954	420136..430089	8	False	False
GCF_000170215.1_contig_2_RGP_17	GCF_000170215.1	contig_2	7	ODDLKH_12910	ODDLKH_12940	2621532	2629997	8466	2621532..2629997	7	False	False
GCF_000170215.1_contig_2_RGP_18	GCF_000170215.1	contig_2	7	ODDLKH_05300	ODDLKH_05330	1128236	1135734	7499	1128236..1135734	7	False	False
GCF_000170215.1_contig_2_RGP_19	GCF_000170215.1	contig_2	7	ODDLKH_05220	ODDLKH_05255	1112656	1117825	5170	1112656..1117825	7	False	False
GCF_000170215.1_contig_2_RGP_20	GCF_000170215.1	contig_2	7	ODDLKH_03815	ODDLKH_03845	817389	820962	3574	817389..820962	7	False	False
GCF_000170215.1_contig_2_RGP_21	GCF_000170215.1	contig_2	7	ODDLKH_02050	ODDLKH_02080	435931	443429	7499	435931..443429	7	False	False
GCF_000170215.1_contig_2_RGP_22	GCF_000170215.1	contig_2	6	ODDLKH_22870	ODDLKH_22895	4692265	4700084	7820	4692265..4700084	6	False	False
GCF_000170215.1_contig_2_RGP_23	GCF_000170215.1	contig_2	6	ODDLKH_20450	ODDLKH_20475	4195108	4201112	6005	4195108..4201112	6	False	False
GCF_000170215.1_contig_2_RGP_24	GCF_000170215.1	contig_2	6	ODDLKH_19820	ODDLKH_19865	4052345	4058901	6557	4052345..4058901	6	False	False
GCF_000170215.1_contig_2_RGP_25	GCF_000170215.1	contig_2	6	ODDLKH_16835	ODDLKH_16860	3454218	3461470	7253	3454218..3461470	6	False	False
GCF_000170215.1_contig_2_RGP_26	GCF_000170215.1	contig_2	6	ODDLKH_05735	ODDLKH_05760	1215986	1223111	7126	1215986..1223111	6	False	False
GCF_000170215.1_contig_2_RGP_27	GCF_000170215.1	contig_2	5	ODDLKH_21435	ODDLKH_21455	4401621	4406353	4733	4401621..4406353	5	False	False
GCF_000170215.1_contig_2_RGP_28	GCF_000170215.1	contig_2	5	ODDLKH_21045	ODDLKH_21065	4321460	4325528	4069	4321460..4325528	5	False	False
GCF_000170215.1_contig_2_RGP_29	GCF_000170215.1	contig_2	5	ODDLKH_02235	ODDLKH_02255	469762	474964	5203	469762..474964	5	False	False
GCF_000170215.1_contig_2_RGP_30	GCF_000170215.1	contig_2	6	ODDLKH_18460	ODDLKH_18485	3793829	3799980	6152	3793829..3799980	4	False	False
GCF_000171415.1_contig_42_RGP_0	GCF_000171415.1	contig_42	21	IKCLMC_00320	IKCLMC_00420	152	17679	17528	152..17679	21	True	True
GCF_000171415.1_contig_45_RGP_0	GCF_000171415.1	contig_45	31	IKCLMC_00785	IKCLMC_00935	886	28171	27286	886..28171	31	True	True
GCF_000171415.1_contig_46_RGP_0	GCF_000171415.1	contig_46	38	IKCLMC_00940	IKCLMC_01130	1	30062	30062	1..30062	38	True	True
GCF_000171415.1_contig_48_RGP_0	GCF_000171415.1	contig_48	50	IKCLMC_01285	IKCLMC_01565	1258	34864	33607	1258..34864	50	True	True
GCF_000171415.1_contig_49_RGP_0	GCF_000171415.1	contig_49	65	IKCLMC_01570	IKCLMC_01900	15	57934	57920	15..57934	65	True	True
GCF_000171415.1_contig_50_RGP_0	GCF_000171415.1	contig_50	12	IKCLMC_02025	IKCLMC_02080	24714	36962	12249	24714..36962	12	False	False
GCF_000171415.1_contig_52_RGP_0	GCF_000171415.1	contig_52	9	IKCLMC_02720	IKCLMC_02765	46	8721	8676	46..8721	9	True	False
GCF_000171415.1_contig_53_RGP_0	GCF_000171415.1	contig_53	6	IKCLMC_03790	IKCLMC_03815	124444	132263	7820	124444..132263	6	False	False
GCF_000171415.1_contig_54_RGP_0	GCF_000171415.1	contig_54	66	IKCLMC_04425	IKCLMC_04775	100912	147756	46845	100912..147756	66	False	False
GCF_000171415.1_contig_55_RGP_0	GCF_000171415.1	contig_55	26	IKCLMC_05000	IKCLMC_05125	16727	39380	22654	16727..39380	26	False	False
GCF_000171415.1_contig_55_RGP_1	GCF_000171415.1	contig_55	5	IKCLMC_05615	IKCLMC_05635	163119	166179	3061	163119..166179	5	False	False
GCF_000171415.1_contig_56_RGP_0	GCF_000171415.1	contig_56	30	IKCLMC_05805	IKCLMC_05955	152	29128	28977	152..29128	30	True	False
GCF_000171415.1_contig_57_RGP_0	GCF_000171415.1	contig_57	11	IKCLMC_07270	IKCLMC_07320	101802	110267	8466	101802..110267	11	False	False
GCF_000171415.1_contig_57_RGP_1	GCF_000171415.1	contig_57	9	IKCLMC_07850	IKCLMC_07890	230145	238036	7892	230145..238036	9	True	False
GCF_000171415.1_contig_57_RGP_2	GCF_000171415.1	contig_57	7	IKCLMC_07065	IKCLMC_07095	53047	61086	8040	53047..61086	7	False	False
GCF_000171415.1_contig_58_RGP_0	GCF_000171415.1	contig_58	10	IKCLMC_09560	IKCLMC_09605	357769	368969	11201	357769..368969	10	False	False
GCF_000171415.1_contig_58_RGP_1	GCF_000171415.1	contig_58	8	IKCLMC_08730	IKCLMC_08765	178267	184536	6270	178267..184536	8	False	False
GCF_000171415.1_contig_58_RGP_2	GCF_000171415.1	contig_58	7	IKCLMC_09980	IKCLMC_10010	435295	440329	5035	435295..440329	7	True	False
GCF_000171415.1_contig_58_RGP_3	GCF_000171415.1	contig_58	9	IKCLMC_09270	IKCLMC_09315	289937	299100	9164	289937..299100	7	False	False
GCF_000171415.1_contig_59_RGP_0	GCF_000171415.1	contig_59	70	IKCLMC_11585	IKCLMC_11945	324292	372591	48300	324292..372591	68	False	False
GCF_000171415.1_contig_59_RGP_1	GCF_000171415.1	contig_59	21	IKCLMC_10200	IKCLMC_10310	34529	54691	20163	34529..54691	17	False	False
GCF_000171415.1_contig_59_RGP_2	GCF_000171415.1	contig_59	10	IKCLMC_10430	IKCLMC_10475	81110	89822	8713	81110..89822	10	False	False
GCF_000171415.1_contig_59_RGP_3	GCF_000171415.1	contig_59	8	IKCLMC_10130	IKCLMC_10165	21784	25756	3973	21784..25756	8	False	False
GCF_000171415.1_contig_59_RGP_4	GCF_000171415.1	contig_59	6	IKCLMC_12380	IKCLMC_12405	463091	470216	7126	463091..470216	6	False	False
GCF_000171415.1_contig_60_RGP_0	GCF_000171415.1	contig_60	8	IKCLMC_12845	IKCLMC_12880	80983	87261	6279	80983..87261	8	False	False
GCF_000171415.1_contig_60_RGP_1	GCF_000171415.1	contig_60	6	IKCLMC_13725	IKCLMC_13750	261732	267735	6004	261732..267735	6	False	False
GCF_000171415.1_contig_60_RGP_2	GCF_000171415.1	contig_60	5	IKCLMC_14340	IKCLMC_14380	403968	410239	6272	403968..410239	5	False	False
GCF_000171415.1_contig_60_RGP_3	GCF_000171415.1	contig_60	5	IKCLMC_12785	IKCLMC_12805	65637	70369	4733	65637..70369	5	False	False
GCF_000171415.1_contig_60_RGP_4	GCF_000171415.1	contig_60	4	IKCLMC_12705	IKCLMC_12720	46694	49747	3054	46694..49747	4	False	False
GCF_000171415.1_contig_61_RGP_0	GCF_000171415.1	contig_61	26	IKCLMC_16585	IKCLMC_16710	399567	422013	22447	399567..422013	26	False	False
GCF_000171415.1_contig_61_RGP_1	GCF_000171415.1	contig_61	13	IKCLMC_16400	IKCLMC_16460	360634	374877	14244	360634..374877	13	False	False
GCF_000171415.1_contig_61_RGP_2	GCF_000171415.1	contig_61	8	IKCLMC_14985	IKCLMC_15020	51854	59204	7351	51854..59204	8	False	False
GCF_000171415.1_contig_61_RGP_3	GCF_000171415.1	contig_61	7	IKCLMC_16345	IKCLMC_16375	347295	354793	7499	347295..354793	7	False	False
GCF_000171415.1_contig_61_RGP_4	GCF_000171415.1	contig_61	5	IKCLMC_16170	IKCLMC_16190	315760	320962	5203	315760..320962	5	False	False
GCF_000171415.1_contig_62_RGP_0	GCF_000171415.1	contig_62	15	IKCLMC_20495	IKCLMC_20575	646189	660185	13997	646189..660185	15	False	False
GCF_000171415.1_contig_62_RGP_1	GCF_000171415.1	contig_62	7	IKCLMC_19790	IKCLMC_19820	513139	517150	4012	513139..517150	7	False	False
GCF_000171415.1_contig_62_RGP_2	GCF_000171415.1	contig_62	6	IKCLMC_19610	IKCLMC_19635	476605	483845	7241	476605..483845	6	False	False
GCF_000171415.1_contig_62_RGP_3	GCF_000171415.1	contig_62	6	IKCLMC_17975	IKCLMC_18000	138719	144870	6152	138719..144870	4	False	False
GCF_000171415.1_contig_63_RGP_0	GCF_000171415.1	contig_63	8	IKCLMC_21420	IKCLMC_21455	116891	123135	6245	116891..123135	8	False	False
GCF_000171415.1_contig_63_RGP_1	GCF_000171415.1	contig_63	6	IKCLMC_21510	IKCLMC_21535	132471	138951	6481	132471..138951	6	False	False
GCF_000171515.1_contig_23_RGP_0	GCF_000171515.1	contig_23	4	PKJKAM_00210	PKJKAM_00225	662	5127	4466	662..5127	4	True	True
GCF_000171515.1_contig_24_RGP_0	GCF_000171515.1	contig_24	7	PKJKAM_00230	PKJKAM_00260	65	5225	5161	65..5225	7	True	True
GCF_000171515.1_contig_29_RGP_0	GCF_000171515.1	contig_29	5	PKJKAM_00685	PKJKAM_00705	17592	23820	6229	17592..23820	5	True	False
GCF_000171515.1_contig_33_RGP_0	GCF_000171515.1	contig_33	46	PKJKAM_01140	PKJKAM_01375	3485	40484	37000	3485..40484	46	True	False
GCF_000171515.1_contig_35_RGP_0	GCF_000171515.1	contig_35	6	PKJKAM_01820	PKJKAM_01845	31032	38166	7135	31032..38166	6	False	False
GCF_000171515.1_contig_39_RGP_0	GCF_000171515.1	contig_39	8	PKJKAM_03525	PKJKAM_03560	28626	35976	7351	28626..35976	8	False	False
GCF_000171515.1_contig_39_RGP_1	GCF_000171515.1	contig_39	7	PKJKAM_03640	PKJKAM_03670	54977	61968	6992	54977..61968	7	False	False
GCF_000171515.1_contig_40_RGP_0	GCF_000171515.1	contig_40	9	PKJKAM_04635	PKJKAM_04675	133445	142671	9227	133445..142671	9	False	False
GCF_000171515.1_contig_41_RGP_0	GCF_000171515.1	contig_41	11	PKJKAM_05155	PKJKAM_05205	102308	110772	8465	102308..110772	11	False	False
GCF_000171515.1_contig_42_RGP_0	GCF_000171515.1	contig_42	25	PKJKAM_06505	PKJKAM_06625	195342	217996	22655	195342..217996	25	False	False
GCF_000171515.1_contig_42_RGP_1	GCF_000171515.1	contig_42	4	PKJKAM_06000	PKJKAM_06015	68401	71461	3061	68401..71461	4	False	False
GCF_000171515.1_contig_43_RGP_0	GCF_000171515.1	contig_43	6	PKJKAM_06835	PKJKAM_06860	27915	35734	7820	27915..35734	6	False	False
GCF_000171515.1_contig_44_RGP_0	GCF_000171515.1	contig_44	39	PKJKAM_09105	PKJKAM_09295	191345	221017	29673	191345..221017	39	False	False
GCF_000171515.1_contig_44_RGP_1	GCF_000171515.1	contig_44	9	PKJKAM_09800	PKJKAM_09845	324340	331629	7290	324340..331629	9	True	False
GCF_000171515.1_contig_44_RGP_2	GCF_000171515.1	contig_44	6	PKJKAM_08875	PKJKAM_08900	144001	150152	6152	144001..150152	4	False	False
GCF_000171515.1_contig_45_RGP_0	GCF_000171515.1	contig_45	19	PKJKAM_11355	PKJKAM_11445	318322	341401	23080	318322..341401	19	False	False
GCF_000171515.1_contig_45_RGP_1	GCF_000171515.1	contig_45	7	PKJKAM_10900	PKJKAM_10935	227061	237376	10316	227061..237376	7	False	False
GCF_000171515.1_contig_45_RGP_2	GCF_000171515.1	contig_45	7	PKJKAM_10845	PKJKAM_10875	213680	221178	7499	213680..221178	7	False	False
GCF_000171515.1_contig_45_RGP_3	GCF_000171515.1	contig_45	6	PKJKAM_11070	PKJKAM_11095	263174	268707	5534	263174..268707	6	False	False
GCF_000171515.1_contig_45_RGP_4	GCF_000171515.1	contig_45	5	PKJKAM_10670	PKJKAM_10690	182145	187347	5203	182145..187347	5	False	False
GCF_000171515.1_contig_46_RGP_0	GCF_000171515.1	contig_46	7	PKJKAM_12090	PKJKAM_12120	114578	121360	6783	114578..121360	7	False	False
GCF_000171515.1_contig_46_RGP_1	GCF_000171515.1	contig_46	6	PKJKAM_12175	PKJKAM_12200	136569	144300	7732	136569..144300	6	False	False
GCF_000171515.1_contig_47_RGP_0	GCF_000171515.1	contig_47	8	PKJKAM_15095	PKJKAM_15130	378819	385088	6270	378819..385088	8	False	False
GCF_000171515.1_contig_48_RGP_0	GCF_000171515.1	contig_48	62	PKJKAM_15630	PKJKAM_15950	76221	120661	44441	76221..120661	60	False	False
GCF_000171515.1_contig_48_RGP_1	GCF_000171515.1	contig_48	21	PKJKAM_17240	PKJKAM_17350	389969	409299	19331	389969..409299	17	False	False
GCF_000171515.1_contig_48_RGP_2	GCF_000171515.1	contig_48	14	PKJKAM_17055	PKJKAM_17120	355001	363641	8641	355001..363641	14	False	False
GCF_000171515.1_contig_48_RGP_3	GCF_000171515.1	contig_48	7	PKJKAM_15555	PKJKAM_15585	58312	65810	7499	58312..65810	7	False	False
GCF_000171515.1_contig_48_RGP_4	GCF_000171515.1	contig_48	6	PKJKAM_17385	PKJKAM_17410	418072	421646	3575	418072..421646	6	False	False
GCF_000171515.1_contig_49_RGP_0	GCF_000171515.1	contig_49	8	PKJKAM_17720	PKJKAM_17755	40567	46845	6279	40567..46845	8	False	False
GCF_000171515.1_contig_49_RGP_1	GCF_000171515.1	contig_49	6	PKJKAM_18635	PKJKAM_18660	227501	233505	6005	227501..233505	6	False	False
GCF_000171515.1_contig_49_RGP_2	GCF_000171515.1	contig_49	5	PKJKAM_17660	PKJKAM_17680	25221	29953	4733	25221..29953	5	False	False
GCF_000171515.1_contig_50_RGP_0	GCF_000171515.1	contig_50	22	PKJKAM_20060	PKJKAM_20165	89376	109562	20187	89376..109562	20	False	False
GCF_000171515.1_contig_50_RGP_1	GCF_000171515.1	contig_50	12	PKJKAM_21485	PKJKAM_21540	356220	363968	7749	356220..363968	12	False	False
GCF_000171515.1_contig_50_RGP_2	GCF_000171515.1	contig_50	10	PKJKAM_20345	PKJKAM_20390	151143	162352	11210	151143..162352	10	False	False
GCF_000171515.1_contig_50_RGP_3	GCF_000171515.1	contig_50	8	PKJKAM_23170	PKJKAM_23210	701033	705134	4102	701033..705134	8	False	False
GCF_000171515.1_contig_50_RGP_4	GCF_000171515.1	contig_50	10	PKJKAM_21570	PKJKAM_21615	367882	377827	9946	367882..377827	8	False	False
GCF_000171535.2_contig_2_RGP_0	GCF_000171535.2	contig_2	7	ONMMKP_00030	ONMMKP_00060	750	5494	4745	750..5494	13	False	True
GCF_000171535.2_contig_3_RGP_0	GCF_000171535.2	contig_3	5	ONMMKP_00070	ONMMKP_00090	66	3692	3627	66..3692	5	True	True
GCF_000171535.2_contig_4_RGP_0	GCF_000171535.2	contig_4	77	ONMMKP_03615	ONMMKP_04010	689058	738092	49035	689058..738092	77	False	False
GCF_000171535.2_contig_4_RGP_1	GCF_000171535.2	contig_4	56	ONMMKP_05425	ONMMKP_05715	1003731	1050713	46983	1003731..1050713	56	False	False
GCF_000171535.2_contig_4_RGP_2	GCF_000171535.2	contig_4	42	ONMMKP_06660	ONMMKP_06865	1257756	1289551	31796	1257756..1289551	42	False	False
GCF_000171535.2_contig_4_RGP_3	GCF_000171535.2	contig_4	26	ONMMKP_09370	ONMMKP_09495	1805115	1823634	18520	1805115..1823634	26	False	False
GCF_000171535.2_contig_4_RGP_4	GCF_000171535.2	contig_4	12	ONMMKP_09140	ONMMKP_09195	1756517	1765681	9165	1756517..1765681	12	False	False
GCF_000171535.2_contig_4_RGP_5	GCF_000171535.2	contig_4	12	ONMMKP_07955	ONMMKP_08015	1510559	1518968	8410	1510559..1518968	12	False	False
GCF_000171535.2_contig_4_RGP_6	GCF_000171535.2	contig_4	12	ONMMKP_07160	ONMMKP_07215	1344268	1356516	12249	1344268..1356516	12	False	False
GCF_000171535.2_contig_4_RGP_7	GCF_000171535.2	contig_4	12	ONMMKP_00800	ONMMKP_00855	124088	130330	6243	124088..130330	12	False	False
GCF_000171535.2_contig_4_RGP_8	GCF_000171535.2	contig_4	11	ONMMKP_06250	ONMMKP_06300	1171811	1180277	8467	1171811..1180277	11	False	False
GCF_000171535.2_contig_4_RGP_9	GCF_000171535.2	contig_4	9	ONMMKP_02460	ONMMKP_02505	466800	474480	7681	466800..474480	9	False	False
GCF_000171535.2_contig_4_RGP_10	GCF_000171535.2	contig_4	8	ONMMKP_09290	ONMMKP_09325	1785270	1794004	8735	1785270..1794004	8	False	False
GCF_000171535.2_contig_4_RGP_11	GCF_000171535.2	contig_4	6	ONMMKP_07490	ONMMKP_07515	1413174	1420308	7135	1413174..1420308	6	False	False
GCF_000171535.2_contig_4_RGP_12	GCF_000171535.2	contig_4	5	ONMMKP_02110	ONMMKP_02130	385062	390736	5675	385062..390736	5	False	False
GCF_000171535.2_contig_5_RGP_0	GCF_000171535.2	contig_5	89	ONMMKP_20540	ONMMKP_20980	2271377	2342485	71109	2271377..2342485	89	False	False
GCF_000171535.2_contig_5_RGP_1	GCF_000171535.2	contig_5	56	ONMMKP_14705	ONMMKP_14985	1078257	1130951	52695	1078257..1130951	56	False	False
GCF_000171535.2_contig_5_RGP_2	GCF_000171535.2	contig_5	28	ONMMKP_11390	ONMMKP_11525	389831	411696	21866	389831..411696	26	False	False
GCF_000171535.2_contig_5_RGP_3	GCF_000171535.2	contig_5	25	ONMMKP_12860	ONMMKP_12980	704197	726469	22273	704197..726469	25	False	False
GCF_000171535.2_contig_5_RGP_4	GCF_000171535.2	contig_5	18	ONMMKP_11785	ONMMKP_11870	461968	485047	23080	461968..485047	18	False	False
GCF_000171535.2_contig_5_RGP_5	GCF_000171535.2	contig_5	14	ONMMKP_18630	ONMMKP_18720	1885942	1906403	20462	1885942..1906403	12	False	False
GCF_000171535.2_contig_5_RGP_6	GCF_000171535.2	contig_5	8	ONMMKP_22980	ONMMKP_23015	2776897	2783166	6270	2776897..2783166	8	False	False
GCF_000171535.2_contig_5_RGP_7	GCF_000171535.2	contig_5	8	ONMMKP_15100	ONMMKP_15135	1159811	1166089	6279	1159811..1166089	8	False	False
GCF_000171535.2_contig_5_RGP_8	GCF_000171535.2	contig_5	7	ONMMKP_23780	ONMMKP_23810	2947619	2956488	8870	2947619..2956488	7	False	False
GCF_000171535.2_contig_5_RGP_9	GCF_000171535.2	contig_5	7	ONMMKP_23545	ONMMKP_23575	2890738	2896621	5884	2890738..2896621	7	False	False
GCF_000171535.2_contig_5_RGP_10	GCF_000171535.2	contig_5	7	ONMMKP_19555	ONMMKP_19585	2077117	2083899	6783	2077117..2083899	7	False	False
GCF_000171535.2_contig_5_RGP_11	GCF_000171535.2	contig_5	7	ONMMKP_11235	ONMMKP_11270	356809	367136	10328	356809..367136	7	False	False
GCF_000171535.2_contig_5_RGP_12	GCF_000171535.2	contig_5	7	ONMMKP_09935	ONMMKP_09965	79062	86053	6992	79062..86053	7	False	False
GCF_000171535.2_contig_5_RGP_13	GCF_000171535.2	contig_5	7	ONMMKP_09825	ONMMKP_09855	52705	59157	6453	52705..59157	7	False	False
GCF_000171535.2_contig_5_RGP_14	GCF_000171535.2	contig_5	6	ONMMKP_19645	ONMMKP_19670	2098374	2105623	7250	2098374..2105623	6	False	False
GCF_000171535.2_contig_5_RGP_15	GCF_000171535.2	contig_5	5	ONMMKP_16020	ONMMKP_16040	1350262	1355750	5489	1350262..1355750	5	False	False
GCF_000171535.2_contig_5_RGP_16	GCF_000171535.2	contig_5	7	ONMMKP_15030	ONMMKP_15060	1142227	1149197	6971	1142227..1149197	5	False	False
GCF_000171535.2_contig_5_RGP_17	GCF_000171535.2	contig_5	5	ONMMKP_11040	ONMMKP_11060	319679	324881	5203	319679..324881	5	False	False
GCF_000171535.2_contig_5_RGP_18	GCF_000171535.2	contig_5	7	ONMMKP_10725	ONMMKP_10755	253197	259589	6393	253197..259589	5	False	False
GCF_000171535.2_contig_5_RGP_19	GCF_000171535.2	contig_5	4	ONMMKP_12350	ONMMKP_12365	577381	580441	3061	577381..580441	4	False	False
